created_at,entry_id,field1/irr,field2,field3/ldr,field4,field5,Weather
2025-05-18T13:36:47+08:00,1,29.14,0.62,4095,4.7,1,Rain Imminent
2025-05-18T13:37:07+08:00,2,29.74,0.63,4095,0.03,1,Rain Imminent
2025-05-18T13:37:26+08:00,3,30.06,0.63,4062,4.85,1,Rain Imminent
2025-05-18T13:37:47+08:00,4,29.22,0.63,4095,-0.04,1,Rain Imminent
2025-05-18T13:38:08+08:00,5,29.02,0.62,4095,-0.01,1,Rain Imminent
2025-05-18T13:38:29+08:00,6,29.32,0.63,4095,0.01,1,Rain Imminent
2025-05-18T13:38:49+08:00,7,29.64,0.63,4095,0.02,1,Rain Imminent
2025-05-18T13:39:10+08:00,8,29.32,0.63,4095,-0.02,1,Rain Imminent
2025-05-18T13:39:31+08:00,9,29.55,0.63,4062,0.01,1,Rain Imminent
2025-05-18T13:39:52+08:00,10,29.09,0.62,4095,-0.02,1,Rain Imminent
2025-05-18T13:40:13+08:00,11,29.44,0.63,4095,0.02,1,Rain Imminent
2025-05-18T13:40:33+08:00,12,29.17,0.62,4095,-0.01,1,Rain Imminent
2025-05-18T13:40:54+08:00,13,29.79,0.63,4095,0.03,1,Rain Imminent
2025-05-18T13:41:15+08:00,14,29.37,0.63,4095,-0.02,1,Rain Imminent
2025-05-18T13:41:36+08:00,15,29.02,0.62,4095,-0.02,1,Rain Imminent
2025-05-18T13:41:57+08:00,16,29.44,0.63,4095,0.02,1,Rain Imminent
2025-05-18T13:42:18+08:00,17,28.57,0.62,4095,-0.04,1,Rain Imminent
2025-05-18T13:42:38+08:00,18,29.12,0.62,4022,0.03,1,Rain Imminent
2025-05-18T13:42:59+08:00,19,29.47,0.63,4095,0.02,1,Rain Imminent
2025-05-18T13:43:20+08:00,20,29.51,0.63,4095,0,1,Rain Imminent
2025-05-18T13:43:41+08:00,21,29.26,0.63,4095,-0.01,1,Rain Imminent
2025-05-18T13:44:02+08:00,22,29.06,0.62,4095,-0.01,1,Rain Imminent
2025-05-18T13:44:22+08:00,23,31.35,0.65,4095,0.11,1,Rain Imminent
2025-05-18T13:44:43+08:00,24,29.23,0.63,4095,-0.1,1,Rain Imminent
2025-05-18T13:45:04+08:00,25,29.38,0.63,4095,0.01,1,Rain Imminent
2025-05-18T13:45:25+08:00,26,29.3,0.63,4095,0,1,Rain Imminent
2025-05-18T13:45:45+08:00,27,29.17,0.62,4095,-0.01,1,Rain Imminent
2025-05-18T13:46:06+08:00,28,29.06,0.62,4093,-0.01,1,Rain Imminent
2025-05-18T13:46:27+08:00,29,29.33,0.63,4095,0.01,1,Rain Imminent
2025-05-18T13:46:48+08:00,30,29.29,0.63,4095,0,1,Rain Imminent
2025-05-18T13:47:09+08:00,31,29.32,0.63,4095,0,1,Rain Imminent
2025-05-18T13:47:29+08:00,32,29.02,0.62,4095,-0.01,1,Rain Imminent
2025-05-18T13:47:50+08:00,33,29.28,0.63,4095,0.01,1,Rain Imminent
2025-05-18T13:48:11+08:00,34,29.58,0.63,4095,0.01,1,Rain Imminent
2025-05-18T13:48:32+08:00,35,29.41,0.63,4095,-0.01,1,Rain Imminent
2025-05-18T13:48:53+08:00,36,28.96,0.62,4095,-0.02,1,Rain Imminent
2025-05-18T13:49:13+08:00,37,29.3,0.63,4095,0.02,1,Rain Imminent
2025-05-18T13:49:34+08:00,38,28.86,0.62,4095,-0.02,1,Rain Imminent
2025-05-18T13:49:55+08:00,39,29.19,0.63,4095,0.02,1,Rain Imminent
2025-05-18T13:50:16+08:00,40,30.62,0.64,4095,0.07,1,Rain Imminent
2025-05-18T13:50:36+08:00,41,28.99,0.62,4095,-0.08,1,Rain Imminent
2025-05-18T13:50:57+08:00,42,29.24,0.63,4095,0.01,1,Rain Imminent
2025-05-18T13:51:18+08:00,43,29.31,0.63,4095,0,1,Rain Imminent
2025-05-18T13:51:39+08:00,44,29.42,0.63,4095,0.01,1,Rain Imminent
2025-05-18T13:51:59+08:00,45,29.35,0.63,4095,0,1,Rain Imminent
2025-05-18T13:52:20+08:00,46,29.07,0.62,4089,-0.01,1,Rain Imminent
2025-05-18T13:52:41+08:00,47,28.82,0.62,4095,-0.01,1,Rain Imminent
2025-05-18T13:53:02+08:00,48,28.76,0.62,4095,0,1,Rain Imminent
2025-05-18T13:53:23+08:00,49,29.25,0.63,4095,0.02,1,Rain Imminent
2025-05-18T13:53:44+08:00,50,29.37,0.63,4095,0.01,1,Rain Imminent
2025-05-18T13:54:04+08:00,51,29.4,0.63,4095,0,1,Rain Imminent
2025-05-18T13:54:25+08:00,52,29.25,0.63,4095,-0.01,1,Rain Imminent
2025-05-18T13:54:46+08:00,53,29.31,0.63,4095,0,1,Rain Imminent
2025-05-18T13:55:07+08:00,54,29.41,0.63,4095,0,1,Rain Imminent
2025-05-18T13:55:27+08:00,55,29.1,0.62,4095,-0.01,1,Rain Imminent
2025-05-18T13:55:48+08:00,56,29.52,0.63,4095,0.02,1,Rain Imminent
2025-05-18T13:56:09+08:00,57,29.24,0.63,4095,-0.01,1,Rain Imminent
2025-05-18T13:56:30+08:00,58,29.38,0.63,4095,0.01,1,Rain Imminent
2025-05-18T13:56:51+08:00,59,29.29,0.63,4095,0,1,Rain Imminent
2025-05-18T13:57:12+08:00,60,28.78,0.62,4095,-0.02,1,Rain Imminent
2025-05-18T13:57:33+08:00,61,29.31,0.63,4095,0.02,1,Rain Imminent
2025-05-18T13:57:53+08:00,62,29.46,0.63,4095,0.01,1,Rain Imminent
2025-05-18T13:58:14+08:00,63,29.44,0.63,4095,0,1,Rain Imminent
2025-05-18T13:58:35+08:00,64,29.35,0.63,4095,0,1,Rain Imminent
2025-05-18T13:58:56+08:00,65,29.38,0.63,4095,0,1,Rain Imminent
2025-05-18T13:59:17+08:00,66,28.88,0.62,4095,-0.02,1,Rain Imminent
2025-05-18T13:59:37+08:00,67,29.27,0.63,4095,0.02,1,Rain Imminent
2025-05-18T13:59:58+08:00,68,29,0.62,4095,-0.01,1,Rain Imminent
2025-05-18T14:00:19+08:00,69,29.63,0.63,4095,0.03,1,Rain Imminent
2025-05-18T14:00:40+08:00,70,29.25,0.63,4095,-0.02,1,Rain Imminent
2025-05-18T14:01:00+08:00,71,29.33,0.63,4095,0,1,Rain Imminent
2025-05-18T14:01:21+08:00,72,29.39,0.63,4084,0,1,Rain Imminent
2025-05-18T14:01:42+08:00,73,28.85,0.62,4095,-0.03,1,Rain Imminent
2025-05-18T14:02:03+08:00,74,29.61,0.63,4095,0.04,1,Rain Imminent
2025-05-18T14:02:24+08:00,75,29.24,0.63,4095,-0.02,1,Rain Imminent
2025-05-18T14:02:45+08:00,76,29.18,0.63,4095,0,1,Rain Imminent
2025-05-18T14:03:05+08:00,77,29.41,0.63,4095,0.01,1,Rain Imminent
2025-05-18T14:03:26+08:00,78,28.78,0.62,4095,-0.03,1,Rain Imminent
2025-05-18T14:03:47+08:00,79,28.71,0.62,4095,0,1,Rain Imminent
2025-05-18T14:04:08+08:00,80,29.17,0.62,4095,0.02,1,Rain Imminent
2025-05-18T14:04:28+08:00,81,28.93,0.62,4095,-0.01,1,Rain Imminent
2025-05-18T14:04:49+08:00,82,29.19,0.63,4095,0.01,1,Rain Imminent
2025-05-18T14:05:10+08:00,83,29.41,0.63,4095,0.01,1,Rain Imminent
2025-05-18T14:05:31+08:00,84,29.53,0.63,4095,0.01,1,Rain Imminent
2025-05-18T14:05:52+08:00,85,29.08,0.62,4035,-0.02,1,Rain Imminent
2025-05-18T14:06:12+08:00,86,29.14,0.62,4095,0,1,Rain Imminent
2025-05-18T14:06:33+08:00,87,29.32,0.63,4095,0.01,1,Rain Imminent
2025-05-18T14:06:54+08:00,88,29.42,0.63,4095,0,1,Rain Imminent
2025-05-18T14:07:15+08:00,89,29.19,0.63,4095,-0.01,1,Rain Imminent
2025-05-18T14:07:36+08:00,90,29.25,0.63,4095,0,1,Rain Imminent
2025-05-18T14:07:56+08:00,91,29.35,0.63,4095,0.01,1,Rain Imminent
2025-05-18T14:08:17+08:00,92,29.31,0.63,4095,0,1,Rain Imminent
2025-05-18T14:08:38+08:00,93,29.35,0.63,4095,0,1,Rain Imminent
2025-05-18T14:08:59+08:00,94,28.98,0.62,4095,-0.02,1,Rain Imminent
2025-05-18T14:09:20+08:00,95,29.37,0.63,4095,0.02,1,Rain Imminent
2025-05-18T14:09:40+08:00,96,29.33,0.63,4095,0,1,Rain Imminent
2025-05-18T14:10:01+08:00,97,29.42,0.63,4095,0,1,Rain Imminent
2025-05-18T14:10:22+08:00,98,29.27,0.63,4095,-0.01,1,Rain Imminent
2025-05-18T14:10:43+08:00,99,29.69,0.63,4095,0.02,1,Rain Imminent
2025-05-18T14:11:03+08:00,100,29.36,0.63,4095,-0.02,1,Rain Imminent
2025-05-18T14:11:24+08:00,101,29.05,0.62,4095,-0.01,1,Rain Imminent
2025-05-18T14:11:45+08:00,102,29.35,0.63,4095,0.01,1,Rain Imminent
2025-05-18T14:12:06+08:00,103,29.32,0.63,4095,0,1,Rain Imminent
2025-05-18T14:12:27+08:00,104,29.15,0.62,4095,-0.01,1,Rain Imminent
2025-05-18T14:12:47+08:00,105,29.3,0.63,4095,0.01,1,Rain Imminent
2025-05-18T14:13:08+08:00,106,29.29,0.63,4095,0,1,Rain Imminent
2025-05-18T14:13:29+08:00,107,29.45,0.63,4095,0.01,1,Rain Imminent
2025-05-18T14:13:50+08:00,108,29.26,0.63,4095,-0.01,1,Rain Imminent
2025-05-18T14:14:11+08:00,109,29.17,0.62,4095,0,1,Rain Imminent
2025-05-18T14:14:31+08:00,110,29.19,0.63,4095,0,1,Rain Imminent
2025-05-18T14:14:52+08:00,111,29.32,0.63,4095,0.01,1,Rain Imminent
2025-05-18T15:21:46+08:00,112,311.58,2.04,3723,50.16,1,Cloudy
2025-05-18T15:22:07+08:00,113,308.32,2.03,3740,-0.15,1,Cloudy
2025-05-18T15:22:28+08:00,114,321.44,2.07,3702,0.63,1,Cloudy
2025-05-18T15:22:49+08:00,115,316.05,2.06,3704,-0.26,1,Cloudy
2025-05-18T15:23:10+08:00,116,321.19,2.07,3698,0.25,1,Cloudy
2025-05-18T15:23:31+08:00,117,330.04,2.1,3703,0.42,1,Cloudy
2025-05-18T15:23:52+08:00,118,325.38,2.09,3702,-0.22,1,Cloudy
2025-05-18T15:24:13+08:00,119,316,2.06,3705,-0.45,1,Cloudy
2025-05-18T15:24:34+08:00,120,314.49,2.05,3719,-0.07,1,Cloudy
2025-05-18T15:24:55+08:00,121,322.84,2.08,3712,0.4,1,Cloudy
2025-05-18T15:25:15+08:00,122,332.81,2.11,3711,0.48,1,Cloudy
2025-05-18T15:25:36+08:00,123,342.22,2.14,3710,0.45,1,Cloudy
2025-05-18T15:25:58+08:00,124,338.11,2.13,3714,-0.2,1,Cloudy
2025-05-18T15:26:18+08:00,125,357.44,2.19,3713,0.91,1,Cloudy
2025-05-18T15:26:39+08:00,126,325.38,2.09,3707,-1.53,1,Cloudy
2025-05-18T15:27:01+08:00,127,327.52,2.09,3705,0.1,1,Cloudy
2025-05-18T15:27:21+08:00,128,347.19,2.16,3705,0.93,1,Cloudy
2025-05-18T15:27:42+08:00,129,324.92,2.09,3709,-1.07,1,Cloudy
2025-05-18T15:28:03+08:00,130,350.75,2.17,3703,1.24,1,Cloudy
2025-05-18T15:28:24+08:00,131,332.27,2.11,3706,-0.88,1,Cloudy
2025-05-18T15:28:45+08:00,132,338.37,2.13,3702,0.29,1,Cloudy
2025-05-18T15:29:06+08:00,133,333.62,2.11,3708,-0.23,1,Cloudy
2025-05-18T15:29:27+08:00,134,338.06,2.13,3711,0.21,1,Cloudy
2025-05-18T15:29:48+08:00,135,335.91,2.12,3710,-0.1,1,Cloudy
2025-05-18T15:30:09+08:00,136,337.37,2.13,3715,0.07,1,Cloudy
2025-05-18T15:30:29+08:00,137,339.57,2.13,3729,0.11,1,Cloudy
2025-05-18T15:30:50+08:00,138,336.04,2.12,3720,-0.17,1,Cloudy
2025-05-18T15:31:11+08:00,139,331.23,2.11,3726,-0.23,1,Cloudy
2025-05-18T15:31:32+08:00,140,326.58,2.09,3699,-0.22,1,Cloudy
2025-05-18T15:31:53+08:00,141,329.81,2.1,3692,0.15,1,Cloudy
2025-05-18T15:32:14+08:00,142,322.69,2.08,3678,-0.34,1,Cloudy
2025-05-18T15:32:35+08:00,143,316.49,2.06,3666,-0.3,1,Cloudy
2025-05-18T15:32:56+08:00,144,318.16,2.06,3648,0.08,1,Cloudy
2025-05-18T15:33:17+08:00,145,308.88,2.03,3633,-0.44,1,Cloudy
2025-05-18T15:33:38+08:00,146,315.01,2.05,3620,0.29,1,Cloudy
2025-05-18T15:33:58+08:00,147,310.97,2.04,3617,-0.19,1,Cloudy
2025-05-18T15:34:19+08:00,148,305.56,2.02,3571,-0.26,1,Cloudy
2025-05-18T15:34:40+08:00,149,301,2.01,3540,-0.22,1,Cloudy
2025-05-18T15:35:01+08:00,150,291.98,1.98,3464,-0.43,1,Cloudy
2025-05-18T15:35:22+08:00,151,295.47,1.99,3424,0.17,1,Cloudy
2025-05-18T15:35:43+08:00,152,295.9,1.99,3386,0.02,1,Cloudy
2025-05-18T15:36:04+08:00,153,294.68,1.99,3424,-0.06,1,Cloudy
2025-05-18T15:36:25+08:00,154,294.39,1.99,3443,-0.01,1,Cloudy
2025-05-18T15:36:46+08:00,155,288.83,1.97,3528,-0.27,1,Cloudy
2025-05-18T15:37:06+08:00,156,292.84,1.98,3461,0.19,1,Cloudy
2025-05-18T15:37:27+08:00,157,291.29,1.97,3497,-0.07,1,Cloudy
2025-05-18T15:37:48+08:00,158,289.73,1.97,3509,-0.08,1,Cloudy
2025-05-18T15:38:09+08:00,159,292.98,1.98,3526,0.16,1,Cloudy
2025-05-18T15:38:30+08:00,160,294.46,1.99,3535,0.07,1,Cloudy
2025-05-18T15:38:51+08:00,161,303.98,2.02,3550,0.46,1,Cloudy
2025-05-18T15:39:12+08:00,162,294.85,1.99,3526,-0.44,1,Cloudy
2025-05-18T15:40:23+08:00,163,285.14,1.95,3441,0,1,Cloudy
2025-05-18T15:41:35+08:00,164,303.54,2.02,3444,0.64,1,Cloudy
2025-05-18T15:41:56+08:00,165,300.01,2,3449,-0.17,1,Cloudy
2025-05-18T15:42:17+08:00,166,295.11,1.99,3417,-0.23,1,Cloudy
2025-05-18T15:42:38+08:00,167,285.19,1.95,3377,-0.47,1,Cloudy
2025-05-18T15:42:58+08:00,168,282.26,1.94,3373,-0.14,1,Cloudy
2025-05-18T15:43:19+08:00,169,286.42,1.96,3380,0.2,1,Cloudy
2025-05-18T15:43:40+08:00,170,280.46,1.94,3395,-0.29,1,Cloudy
2025-05-18T15:44:01+08:00,171,280.04,1.94,3402,-0.02,1,Cloudy
2025-05-18T15:44:22+08:00,172,280.62,1.94,3419,0.03,1,Cloudy
2025-05-18T15:44:43+08:00,173,281.6,1.94,3415,0.05,1,Cloudy
2025-05-18T15:45:04+08:00,174,281.09,1.94,3412,-0.02,1,Cloudy
2025-05-18T15:45:25+08:00,175,283.66,1.95,3422,0.12,1,Cloudy
2025-05-18T15:45:46+08:00,176,281.88,1.94,3419,-0.09,1,Cloudy
2025-05-18T15:46:06+08:00,177,281.18,1.94,3413,-0.03,1,Cloudy
2025-05-18T15:46:27+08:00,178,282.49,1.94,3416,0.06,1,Cloudy
2025-05-18T15:46:49+08:00,179,280.6,1.94,3426,-0.09,1,Cloudy
2025-05-18T15:47:10+08:00,180,279.39,1.93,3423,-0.06,1,Cloudy
2025-05-18T15:47:30+08:00,181,280.69,1.94,3453,0.06,1,Cloudy
2025-05-18T15:47:51+08:00,182,280.72,1.94,3436,0,1,Cloudy
2025-05-18T15:48:12+08:00,183,279.27,1.93,3438,-0.07,1,Cloudy
2025-05-18T15:48:33+08:00,184,278.67,1.93,3428,-0.03,1,Cloudy
2025-05-18T15:48:55+08:00,185,278.69,1.93,3407,0,1,Cloudy
2025-05-18T15:49:16+08:00,186,280.62,1.94,3372,0.09,1,Cloudy
2025-05-18T15:49:37+08:00,187,278.88,1.93,3357,-0.08,1,Cloudy
2025-05-18T15:49:58+08:00,188,279.39,1.93,3331,0.02,1,Cloudy
2025-05-18T15:50:19+08:00,189,279.67,1.93,3336,0.01,1,Cloudy
2025-05-18T15:50:40+08:00,190,281.51,1.94,3332,0.09,1,Cloudy
2025-05-18T15:51:01+08:00,191,284.06,1.95,3300,0.12,1,Cloudy
2025-05-18T15:51:21+08:00,192,306.22,2.02,3427,1.06,1,Cloudy
2025-05-18T15:51:42+08:00,193,310.38,2.04,3440,0.2,1,Cloudy
2025-05-18T15:52:03+08:00,194,314.12,2.05,3472,0.18,1,Cloudy
2025-05-18T15:52:24+08:00,195,320.92,2.07,3489,0.33,1,Cloudy
2025-05-18T15:52:45+08:00,196,322.22,2.08,3473,0.06,1,Cloudy
2025-05-18T15:53:06+08:00,197,328.65,2.1,3471,0.31,1,Cloudy
2025-05-18T15:53:27+08:00,198,326.71,2.09,3457,-0.09,1,Cloudy
2025-05-18T15:53:48+08:00,199,340.7,2.14,3463,0.67,1,Cloudy
2025-05-18T15:54:09+08:00,200,331.71,2.11,3453,-0.43,1,Cloudy
2025-05-18T15:54:30+08:00,201,334.92,2.12,3435,0.15,1,Cloudy
2025-05-18T15:54:51+08:00,202,337.14,2.12,3459,0.11,1,Cloudy
2025-05-18T15:55:12+08:00,203,330.93,2.1,3442,-0.3,1,Cloudy
2025-05-18T15:55:32+08:00,204,329.94,2.1,3442,-0.05,1,Cloudy
2025-05-18T15:55:53+08:00,205,326.36,2.09,3449,-0.17,1,Cloudy
2025-05-18T15:56:14+08:00,206,327.82,2.09,3427,0.07,1,Cloudy
2025-05-18T15:56:35+08:00,207,325.6,2.09,3440,-0.11,1,Cloudy
2025-05-18T15:56:56+08:00,208,322.54,2.08,3415,-0.15,1,Cloudy
2025-05-18T15:57:17+08:00,209,331.05,2.11,3407,0.41,1,Cloudy
2025-05-18T15:57:38+08:00,210,316.1,2.06,3400,-0.72,1,Cloudy
2025-05-18T15:57:59+08:00,211,303.16,2.01,3391,-0.62,1,Cloudy
2025-05-18T15:58:20+08:00,212,303.35,2.02,3386,0.01,1,Cloudy
2025-05-18T15:58:43+08:00,213,294.32,1.98,3375,-0.43,1,Cloudy
2025-05-18T15:59:04+08:00,214,291.89,1.98,3371,-0.1,1,Cloudy
2025-05-18T15:59:25+08:00,215,291.06,1.97,3371,-0.04,1,Cloudy
2025-05-18T15:59:46+08:00,216,286.7,1.96,3339,-0.21,1,Cloudy
2025-05-18T16:00:07+08:00,217,284.44,1.95,3332,-0.11,1,Cloudy
2025-05-18T16:00:28+08:00,218,280.41,1.94,3320,-0.19,1,Cloudy
2025-05-18T16:00:49+08:00,219,281.6,1.94,3314,0.06,1,Cloudy
2025-05-18T16:01:10+08:00,220,281.23,1.94,3317,-0.02,1,Cloudy
2025-05-18T16:01:30+08:00,221,280.55,1.94,3315,-0.03,1,Cloudy
2025-05-18T16:01:51+08:00,222,279.85,1.94,3314,-0.03,1,Cloudy
2025-05-18T16:02:13+08:00,223,280.32,1.94,3286,0.02,1,Cloudy
2025-05-18T16:02:33+08:00,224,279.41,1.93,3280,-0.04,1,Cloudy
2025-05-18T16:02:54+08:00,225,279.46,1.93,3263,0,1,Cloudy
2025-05-18T16:03:15+08:00,226,278.78,1.93,3249,-0.03,1,Cloudy
2025-05-18T16:03:36+08:00,227,278.6,1.93,3246,-0.01,1,Cloudy
2025-05-18T16:03:57+08:00,228,271.89,1.91,3257,-0.32,1,Cloudy
2025-05-18T16:04:18+08:00,229,278.13,1.93,3246,0.3,1,Cloudy
2025-05-18T16:04:39+08:00,230,278.76,1.93,3251,0.03,1,Cloudy
2025-05-18T16:05:00+08:00,231,277.39,1.93,3247,-0.06,1,Cloudy
2025-05-18T16:05:21+08:00,232,275.4,1.92,3224,-0.1,1,Cloudy
2025-05-18T16:05:42+08:00,233,278.6,1.93,3243,0.15,1,Cloudy
2025-05-18T16:06:03+08:00,234,268.87,1.9,3225,-0.46,1,Cloudy
2025-05-18T16:06:24+08:00,235,268.44,1.9,3215,-0.02,1,Cloudy
2025-05-18T16:06:45+08:00,236,269.42,1.9,3202,0.05,1,Cloudy
2025-05-18T16:07:05+08:00,237,269.05,1.9,3197,-0.02,1,Cloudy
2025-05-18T16:07:26+08:00,238,268.94,1.9,3195,-0.01,1,Cloudy
2025-05-18T16:07:47+08:00,239,269.19,1.9,3116,0.01,1,Cloudy
2025-05-18T16:08:08+08:00,240,266.21,1.89,3173,-0.14,1,Cloudy
2025-05-18T16:08:29+08:00,241,271.69,1.91,3181,0.26,1,Cloudy
2025-05-18T16:08:50+08:00,242,270.5,1.9,3192,-0.06,1,Cloudy
2025-05-18T16:09:11+08:00,243,269.67,1.9,3183,-0.04,1,Cloudy
2025-05-18T16:09:32+08:00,244,272.03,1.91,3188,0.11,1,Cloudy
2025-05-18T16:09:53+08:00,245,267.8,1.89,3194,-0.2,1,Cloudy
2025-05-18T16:10:14+08:00,246,269.4,1.9,3199,0.08,1,Cloudy
2025-05-18T16:10:35+08:00,247,268.85,1.9,3219,-0.03,1,Cloudy
2025-05-18T16:10:55+08:00,248,267.16,1.89,3238,-0.08,1,Cloudy
2025-05-18T16:11:16+08:00,249,269.42,1.9,3259,0.11,1,Cloudy
2025-05-18T16:11:37+08:00,250,269.67,1.9,3290,0.01,1,Cloudy
2025-05-18T16:11:58+08:00,251,269.05,1.9,3308,-0.03,1,Cloudy
2025-05-18T16:12:19+08:00,252,269.92,1.9,3367,0.04,1,Cloudy
2025-05-18T16:12:40+08:00,253,270.38,1.9,3312,0.02,1,Cloudy
2025-05-18T16:13:01+08:00,254,270.04,1.9,3322,-0.02,1,Cloudy
2025-05-18T16:13:22+08:00,255,270.04,1.9,3321,0,1,Cloudy
2025-05-18T16:13:43+08:00,256,270.17,1.9,3328,0.01,1,Cloudy
2025-05-18T16:14:04+08:00,257,269.37,1.9,3339,-0.04,1,Cloudy
2025-05-18T16:14:25+08:00,258,270.04,1.9,3318,0.03,1,Cloudy
2025-05-18T16:14:46+08:00,259,270.15,1.9,3317,0.01,1,Cloudy
2025-05-18T16:15:07+08:00,260,271,1.9,3312,0.04,1,Cloudy
2025-05-18T16:15:28+08:00,261,270.84,1.9,3315,-0.01,1,Cloudy
2025-05-18T16:15:49+08:00,262,270.17,1.9,3309,-0.03,1,Cloudy
2025-05-18T16:16:10+08:00,263,269.83,1.9,3318,-0.02,1,Cloudy
2025-05-18T16:16:30+08:00,264,265.09,1.88,3313,-0.23,1,Cloudy
2025-05-18T16:16:51+08:00,265,270.36,1.9,3319,0.25,1,Cloudy
2025-05-18T16:17:12+08:00,266,270.72,1.9,3327,0.02,1,Cloudy
2025-05-18T16:17:33+08:00,267,269.12,1.9,3325,-0.08,1,Cloudy
2025-05-18T16:17:54+08:00,268,270.22,1.9,3324,0.05,1,Cloudy
2025-05-18T16:18:15+08:00,269,269.79,1.9,3318,-0.02,1,Cloudy
2025-05-18T16:18:36+08:00,270,270.4,1.9,3320,0.03,1,Cloudy
2025-05-18T16:18:57+08:00,271,270.56,1.9,3324,0.01,1,Cloudy
2025-05-18T16:19:18+08:00,272,270.61,1.9,3326,0,1,Cloudy
2025-05-18T16:19:43+08:00,273,270.5,1.9,3325,0,1,Cloudy
2025-05-18T16:20:04+08:00,274,270.7,1.9,3263,0.01,1,Cloudy
2025-05-18T16:20:25+08:00,275,266.75,1.89,3319,-0.19,1,Cloudy
2025-05-18T16:20:46+08:00,276,268.14,1.89,3332,0.07,1,Cloudy
2025-05-18T16:21:07+08:00,277,269.63,1.9,3330,0.07,1,Cloudy
2025-05-18T16:21:28+08:00,278,269.74,1.9,3328,0.01,1,Cloudy
2025-05-18T16:21:49+08:00,279,269.12,1.9,3325,-0.03,1,Cloudy
2025-05-18T16:22:10+08:00,280,269.67,1.9,3318,0.03,1,Cloudy
2025-05-18T16:22:31+08:00,281,270.08,1.9,3318,0.02,1,Cloudy
2025-05-18T16:22:52+08:00,282,269.05,1.9,3312,-0.05,1,Cloudy
2025-05-18T16:23:12+08:00,283,269.92,1.9,3309,0.04,1,Cloudy
2025-05-18T16:23:33+08:00,284,269.83,1.9,3317,0,1,Cloudy
2025-05-18T16:23:54+08:00,285,270.13,1.9,3310,0.01,1,Cloudy
2025-05-18T16:24:15+08:00,286,269.88,1.9,3320,-0.01,1,Cloudy
2025-05-18T16:24:36+08:00,287,269.56,1.9,3311,-0.02,1,Cloudy
2025-05-18T16:24:57+08:00,288,269.37,1.9,3307,-0.01,1,Cloudy
2025-05-18T16:25:18+08:00,289,270.13,1.9,3310,0.04,1,Cloudy
2025-05-18T16:25:39+08:00,290,271.57,1.91,3313,0.07,1,Cloudy
2025-05-18T16:26:00+08:00,291,269.15,1.9,3319,-0.12,1,Cloudy
2025-05-18T16:26:21+08:00,292,269.49,1.9,3308,0.02,1,Cloudy
2025-05-18T16:26:41+08:00,293,269.72,1.9,3296,0.01,1,Cloudy
2025-05-18T16:27:02+08:00,294,269.15,1.9,3248,-0.03,1,Cloudy
2025-05-18T16:27:23+08:00,295,269.24,1.9,3295,0,1,Cloudy
2025-05-18T16:27:44+08:00,296,269.4,1.9,3294,0.01,1,Cloudy
2025-05-18T16:28:05+08:00,297,268.51,1.9,3334,-0.04,1,Cloudy
2025-05-18T16:28:26+08:00,298,269.28,1.9,3267,0.04,1,Cloudy
2025-05-18T16:28:48+08:00,299,269.67,1.9,3307,0.02,1,Cloudy
2025-05-18T16:29:09+08:00,300,269.56,1.9,3292,-0.01,1,Cloudy
2025-05-18T16:29:30+08:00,301,269.17,1.9,3296,-0.02,1,Cloudy
2025-05-18T16:29:51+08:00,302,271.39,1.91,3317,0.11,1,Cloudy
2025-05-18T16:30:11+08:00,303,267.05,1.89,3315,-0.21,1,Cloudy
2025-05-18T16:30:32+08:00,304,269.56,1.9,3314,0.12,1,Cloudy
2025-05-18T16:30:53+08:00,305,269.47,1.9,3309,0,1,Cloudy
2025-05-18T16:31:14+08:00,306,263.21,1.88,3298,-0.3,1,Cloudy
2025-05-18T16:31:35+08:00,307,268.64,1.9,3309,0.26,1,Cloudy
2025-05-18T16:31:56+08:00,308,267.91,1.89,3320,-0.03,1,Cloudy
2025-05-18T16:32:17+08:00,309,268.64,1.9,3299,0.03,1,Cloudy
2025-05-18T16:32:38+08:00,310,269.83,1.9,3296,0.06,1,Cloudy
2025-05-18T16:32:59+08:00,311,269.37,1.9,3306,-0.02,1,Cloudy
2025-05-18T16:33:19+08:00,312,269.49,1.9,3306,0.01,1,Cloudy
2025-05-18T16:33:40+08:00,313,269.4,1.9,3316,0,1,Cloudy
2025-05-18T16:34:01+08:00,314,262.97,1.88,3299,-0.31,1,Cloudy
2025-05-18T16:34:22+08:00,315,269.69,1.9,3295,0.32,1,Cloudy
2025-05-18T16:34:43+08:00,316,268.62,1.9,3289,-0.05,1,Cloudy
2025-05-18T16:35:04+08:00,317,267.75,1.89,3292,-0.04,1,Cloudy
2025-05-18T16:35:25+08:00,318,269.44,1.9,3300,0.08,1,Cloudy
2025-05-18T16:35:46+08:00,319,268.78,1.9,3289,-0.03,1,Cloudy
2025-05-18T16:36:07+08:00,320,269.35,1.9,3284,0.03,1,Cloudy
2025-05-18T16:36:28+08:00,321,269.83,1.9,3280,0.02,1,Cloudy
2025-05-18T16:36:49+08:00,322,269.74,1.9,3271,0,1,Cloudy
2025-05-18T16:37:10+08:00,323,269.74,1.9,3275,0,1,Cloudy
2025-05-18T16:37:31+08:00,324,270.22,1.9,3283,0.02,1,Cloudy
2025-05-18T16:37:52+08:00,325,269.67,1.9,3275,-0.03,1,Cloudy
2025-05-18T16:38:13+08:00,326,270.43,1.9,3287,0.04,1,Cloudy
2025-05-18T16:38:33+08:00,327,268.76,1.9,3264,-0.08,1,Cloudy
2025-05-18T16:38:54+08:00,328,269.83,1.9,3318,0.05,1,Cloudy
2025-05-18T16:39:15+08:00,329,270.08,1.9,3274,0.01,1,Cloudy
2025-05-18T16:39:36+08:00,330,268.35,1.9,3272,-0.08,1,Cloudy
2025-05-18T16:39:57+08:00,331,269.12,1.9,3275,0.04,1,Cloudy
2025-05-18T16:40:18+08:00,332,265.77,1.89,3270,-0.16,1,Cloudy
2025-05-18T16:40:39+08:00,333,269.9,1.9,3265,0.2,1,Cloudy
2025-05-18T16:41:00+08:00,334,269.33,1.9,3276,-0.03,1,Cloudy
2025-05-18T16:41:21+08:00,335,269.1,1.9,3261,-0.01,1,Cloudy
2025-05-18T16:41:42+08:00,336,269.19,1.9,3251,0,1,Cloudy
2025-05-18T16:42:03+08:00,337,267.02,1.89,3259,-0.1,1,Cloudy
2025-05-18T16:42:24+08:00,338,271.32,1.91,3249,0.2,1,Cloudy
2025-05-18T16:42:45+08:00,339,269.81,1.9,3250,-0.07,1,Cloudy
2025-05-18T16:43:06+08:00,340,268.92,1.9,3246,-0.04,1,Cloudy
2025-05-18T16:43:26+08:00,341,269.19,1.9,3240,0.01,1,Cloudy
2025-05-18T16:43:47+08:00,342,269.49,1.9,3236,0.01,1,Cloudy
2025-05-18T16:44:08+08:00,343,269.69,1.9,3236,0.01,1,Cloudy
2025-05-18T16:44:29+08:00,344,270.45,1.9,3229,0.04,1,Cloudy
2025-05-18T16:44:50+08:00,345,268.57,1.9,3230,-0.09,1,Cloudy
2025-05-18T16:45:11+08:00,346,269.49,1.9,3227,0.04,1,Cloudy
2025-05-18T16:45:32+08:00,347,269.4,1.9,3225,0,1,Cloudy
2025-05-18T16:45:53+08:00,348,269.76,1.9,3226,0.02,1,Cloudy
2025-05-18T16:46:14+08:00,349,270.72,1.9,3228,0.05,1,Cloudy
2025-05-18T16:46:35+08:00,350,270.93,1.9,3220,0.01,1,Cloudy
2025-05-18T16:46:55+08:00,351,268.78,1.9,3228,-0.1,1,Cloudy
2025-05-18T16:47:16+08:00,352,269.08,1.9,3224,0.01,1,Cloudy
2025-05-18T16:47:37+08:00,353,269.97,1.9,3219,0.04,1,Cloudy
2025-05-18T16:47:58+08:00,354,268.92,1.9,3218,-0.05,1,Cloudy
2025-05-18T16:48:19+08:00,355,268.55,1.9,3217,-0.02,1,Cloudy
2025-05-18T16:48:40+08:00,356,270.31,1.9,3204,0.08,1,Cloudy
2025-05-18T16:49:01+08:00,357,268.53,1.9,3218,-0.09,1,Cloudy
2025-05-18T16:49:22+08:00,358,269.08,1.9,3220,0.03,1,Cloudy
2025-05-18T16:49:43+08:00,359,268.76,1.9,3214,-0.02,1,Cloudy
2025-05-18T16:50:04+08:00,360,269.21,1.9,3212,0.02,1,Cloudy
2025-05-18T16:50:25+08:00,361,268.19,1.89,3212,-0.05,1,Cloudy
2025-05-18T16:50:46+08:00,362,269.51,1.9,3213,0.06,1,Cloudy
2025-05-18T16:51:07+08:00,363,268.78,1.9,3207,-0.03,1,Cloudy
2025-05-18T16:51:28+08:00,364,269.85,1.9,3210,0.05,1,Cloudy
2025-05-18T16:51:49+08:00,365,269.37,1.9,3216,-0.02,1,Cloudy
2025-05-18T16:52:09+08:00,366,269.47,1.9,3198,0,1,Cloudy
2025-05-18T16:52:30+08:00,367,270.5,1.9,3216,0.05,1,Cloudy
2025-05-18T16:52:51+08:00,368,269.19,1.9,3196,-0.06,1,Cloudy
2025-05-18T16:53:12+08:00,369,269.76,1.9,3195,0.03,1,Cloudy
2025-05-18T16:53:33+08:00,370,270.29,1.9,3187,0.03,1,Cloudy
2025-05-18T16:53:54+08:00,371,269.69,1.9,3188,-0.03,1,Cloudy
2025-05-18T16:54:15+08:00,372,267.98,1.89,3195,-0.08,1,Cloudy
2025-05-18T16:54:36+08:00,373,267.89,1.89,3209,0,1,Cloudy
2025-05-18T16:54:57+08:00,374,269.42,1.9,3173,0.07,1,Cloudy
2025-05-18T16:55:18+08:00,375,268.69,1.9,3181,-0.03,1,Cloudy
2025-05-18T16:55:39+08:00,376,269.79,1.9,3168,0.05,1,Cloudy
2025-05-18T16:56:00+08:00,377,268.96,1.9,3175,-0.04,1,Cloudy
2025-05-18T16:56:21+08:00,378,269.44,1.9,3172,0.02,1,Cloudy
2025-05-18T16:56:42+08:00,379,269.37,1.9,3168,0,1,Cloudy
2025-05-18T16:57:03+08:00,380,269.72,1.9,3177,0.02,1,Cloudy
2025-05-18T16:57:24+08:00,381,269.47,1.9,3187,-0.01,1,Cloudy
2025-05-18T16:57:45+08:00,382,269.79,1.9,3171,0.02,1,Cloudy
2025-05-18T16:58:06+08:00,383,269.37,1.9,3170,-0.02,1,Cloudy
2025-05-18T16:58:27+08:00,384,269.67,1.9,3165,0.01,1,Cloudy
2025-05-18T16:58:48+08:00,385,269.44,1.9,3163,-0.01,1,Cloudy
2025-05-18T16:59:09+08:00,386,268.69,1.9,3156,-0.04,1,Cloudy
2025-05-18T16:59:30+08:00,387,268.8,1.9,3161,0.01,1,Cloudy
2025-05-18T16:59:51+08:00,388,270.11,1.9,3150,0.06,1,Cloudy
2025-05-18T17:00:12+08:00,389,269.51,1.9,3155,-0.03,1,Cloudy
2025-05-18T17:00:33+08:00,390,268.73,1.9,3155,-0.04,1,Cloudy
2025-05-18T17:00:53+08:00,391,269.85,1.9,3157,0.05,1,Cloudy
2025-05-18T17:01:14+08:00,392,268.76,1.9,3129,-0.05,1,Cloudy
2025-05-18T17:01:35+08:00,393,268.25,1.9,3141,-0.02,1,Cloudy
2025-05-18T17:01:56+08:00,394,269.28,1.9,3139,0.05,1,Cloudy
2025-05-18T17:02:17+08:00,395,269.67,1.9,3125,0.02,1,Cloudy
2025-05-18T17:02:38+08:00,396,268.78,1.9,3131,-0.04,1,Cloudy
2025-05-18T17:02:59+08:00,397,268.89,1.9,3118,0.01,1,Cloudy
2025-05-18T17:03:20+08:00,398,269.42,1.9,3110,0.03,1,Cloudy
2025-05-18T17:03:41+08:00,399,268.19,1.89,3117,-0.06,1,Cloudy
2025-05-18T17:04:02+08:00,400,268.69,1.9,3120,0.02,1,Cloudy
2025-05-18T17:04:23+08:00,401,269.44,1.9,3124,0.04,1,Cloudy
2025-05-18T17:04:44+08:00,402,268.03,1.89,3117,-0.07,1,Cloudy
2025-05-18T17:05:05+08:00,403,269.26,1.9,3121,0.06,1,Cloudy
2025-05-18T17:05:26+08:00,404,268.96,1.9,3105,-0.01,1,Cloudy
2025-05-18T17:05:47+08:00,405,269.42,1.9,3106,0.02,1,Cloudy
2025-05-18T17:06:08+08:00,406,267.25,1.89,3089,-0.1,1,Cloudy
2025-05-18T17:06:29+08:00,407,268.28,1.9,3057,0.05,1,Cloudy
2025-05-18T17:06:49+08:00,408,269.44,1.9,3107,0.06,1,Cloudy
2025-05-18T17:07:10+08:00,409,268.87,1.9,3094,-0.03,1,Cloudy
2025-05-18T17:07:31+08:00,410,269.08,1.9,3090,0.01,1,Cloudy
2025-05-18T17:07:52+08:00,411,269.83,1.9,3096,0.04,1,Cloudy
2025-05-18T17:08:13+08:00,412,268.76,1.9,3091,-0.05,1,Cloudy
2025-05-18T17:08:34+08:00,413,269.51,1.9,3087,0.04,1,Cloudy
2025-05-18T17:08:55+08:00,414,269.4,1.9,3070,-0.01,1,Cloudy
2025-05-18T17:09:16+08:00,415,271.78,1.91,3093,0.11,1,Cloudy
2025-05-18T17:09:37+08:00,416,269.08,1.9,3087,-0.13,1,Cloudy
2025-05-18T17:09:58+08:00,417,270.17,1.9,3075,0.05,1,Cloudy
2025-05-18T17:10:19+08:00,418,268.92,1.9,3063,-0.06,1,Cloudy
2025-05-18T17:10:39+08:00,419,269.56,1.9,3019,0.03,1,Cloudy
2025-05-18T17:11:00+08:00,420,268.1,1.89,3057,-0.07,1,Cloudy
2025-05-18T17:11:21+08:00,421,271.53,1.91,3061,0.16,1,Cloudy
2025-05-18T17:11:42+08:00,422,269.24,1.9,3046,-0.11,1,Cloudy
2025-05-18T17:12:03+08:00,423,269.69,1.9,3056,0.02,1,Cloudy
2025-05-18T17:12:24+08:00,424,270.54,1.9,3046,0.04,1,Cloudy
2025-05-18T17:12:45+08:00,425,269.26,1.9,3034,-0.06,1,Cloudy
2025-05-18T17:13:06+08:00,426,268.12,1.89,3033,-0.05,1,Cloudy
2025-05-18T17:13:27+08:00,427,269.21,1.9,3018,0.05,1,Cloudy
2025-05-18T17:13:48+08:00,428,269.05,1.9,3020,-0.01,1,Cloudy
2025-05-18T17:14:09+08:00,429,269.63,1.9,2998,0.03,1,Cloudy
2025-05-18T17:14:29+08:00,430,271.46,1.91,3010,0.09,1,Cloudy
2025-05-18T17:14:50+08:00,431,268.03,1.89,3010,-0.16,1,Cloudy
2025-05-18T17:15:11+08:00,432,268.48,1.9,2998,0.02,1,Cloudy
2025-05-18T17:15:32+08:00,433,268.78,1.9,3027,0.01,1,Cloudy
2025-05-18T17:15:53+08:00,434,269.4,1.9,3011,0.03,1,Cloudy
2025-05-18T17:16:14+08:00,435,267.25,1.89,3024,-0.1,1,Cloudy
2025-05-18T17:16:35+08:00,436,269.12,1.9,3020,0.09,1,Cloudy
2025-05-18T17:16:56+08:00,437,268.44,1.9,3011,-0.03,1,Cloudy
2025-05-18T17:17:17+08:00,438,268.99,1.9,3010,0.03,1,Cloudy
2025-05-18T17:17:38+08:00,439,269.67,1.9,2995,0.03,1,Cloudy
2025-05-18T17:17:59+08:00,440,270.01,1.9,2989,0.02,1,Cloudy
2025-05-18T17:18:20+08:00,441,270.01,1.9,2986,0,1,Cloudy
2025-05-18T17:18:44+08:00,442,270.2,1.9,2973,0.01,1,Cloudy
2025-05-18T17:19:05+08:00,443,268.46,1.9,2975,-0.07,1,Cloudy
2025-05-18T17:19:26+08:00,444,267.84,1.89,2968,-0.03,1,Cloudy
2025-05-18T17:37:17+08:00,445,151.54,1.42,0,15.72,1,Cloudy
2025-05-18T17:41:05+08:00,446,38.87,0.72,0,4.03,1,Calibrating
2025-05-18T17:41:33+08:00,447,40.07,0.73,0,0.04,1,Calibrating
2025-05-18T17:42:02+08:00,448,43.75,0.77,0,0.13,1,Calibrating
2025-05-18T17:42:27+08:00,449,43.79,0.77,0,12.18,1,Calibrating
2025-05-18T17:42:48+08:00,450,32.03,0.65,0,-0.57,1,Calibrating
2025-05-18T17:47:00+08:00,451,28.49,0.62,0,7.92,1,Calibrating
2025-05-18T17:47:20+08:00,452,28.37,0.62,0,-0.01,1,Calibrating
2025-05-18T17:47:41+08:00,453,28.42,0.62,136,0,1,Calibrating
2025-05-18T17:50:39+08:00,454,22.05,0.54,0,6.13,1,Calibrating
2025-05-18T17:51:00+08:00,455,39.66,0.73,0,0.85,1,Calibrating
2025-05-18T17:51:21+08:00,456,41.03,0.74,0,0.07,1,Calibrating
2025-05-18T17:51:41+08:00,457,40.34,0.73,0,-0.03,1,Calibrating
2025-05-18T17:52:02+08:00,458,40.61,0.74,0,0.01,1,Calibrating
2025-05-18T17:52:23+08:00,459,40.03,0.73,0,-0.03,1,Calibrating
2025-05-18T17:52:44+08:00,460,39.84,0.73,0,-0.01,1,Calibrating
2025-05-18T17:53:04+08:00,461,39.66,0.73,0,-0.01,1,Calibrating
2025-05-18T17:53:25+08:00,462,39.64,0.73,0,0,1,Calibrating
2025-05-18T17:53:46+08:00,463,40.26,0.73,0,0.03,1,Calibrating
2025-05-18T17:54:07+08:00,464,38.72,0.72,0,-0.07,1,Calibrating
2025-05-18T17:54:27+08:00,465,38.48,0.72,0,-0.01,1,Calibrating
2025-05-18T17:54:48+08:00,466,38.18,0.71,0,-0.01,1,Calibrating
2025-05-18T17:55:09+08:00,467,37.61,0.71,0,-0.03,1,Calibrating
2025-05-18T17:55:29+08:00,468,37.35,0.71,0,-0.01,1,Calibrating
2025-05-18T17:55:50+08:00,469,37.13,0.71,4,-0.01,1,Calibrating
2025-05-18T17:56:11+08:00,470,37.14,0.71,0,0,1,Calibrating
2025-05-18T17:56:31+08:00,471,36.46,0.7,4,-0.03,1,Calibrating
2025-05-18T17:56:52+08:00,472,35.68,0.69,0,-0.04,1,Calibrating
2025-05-18T17:57:13+08:00,473,35.67,0.69,0,0,1,Calibrating
2025-05-18T17:57:34+08:00,474,35.66,0.69,0,0,1,Calibrating
2025-05-18T17:57:54+08:00,475,35.08,0.69,0,-0.03,1,Calibrating
2025-05-18T17:58:15+08:00,476,34.95,0.68,0,-0.01,1,Calibrating
2025-05-18T17:58:36+08:00,477,34.97,0.68,0,0,1,Calibrating
2025-05-18T17:58:56+08:00,478,34.55,0.68,0,-0.02,1,Calibrating
2025-05-18T17:59:17+08:00,479,34,0.67,0,-0.03,1,Calibrating
2025-05-18T17:59:46+08:00,480,33.52,0.67,0,9.32,1,Calibrating
2025-05-18T18:04:29+08:00,481,102.68,1.17,7,28.56,1,Calibrating
2025-05-18T18:04:50+08:00,482,100.48,1.16,0,-0.11,1,Calibrating
2025-05-18T18:05:11+08:00,483,98.27,1.15,0,-0.11,1,Calibrating
2025-05-18T18:05:32+08:00,484,96.24,1.14,0,-0.1,1,Calibrating
2025-05-18T18:05:52+08:00,485,94.06,1.12,0,-0.1,1,Calibrating
2025-05-18T18:06:13+08:00,486,86.22,1.07,0,-0.38,1,Calibrating
2025-05-18T18:06:34+08:00,487,83.76,1.06,0,-0.12,1,Calibrating
2025-05-18T18:06:57+08:00,488,80.25,1.04,6,-0.17,1,Calibrating
2025-05-18T18:07:18+08:00,489,76.29,1.01,0,-0.17,1,Calibrating
2025-05-18T18:07:39+08:00,490,77,1.02,0,0.03,1,Calibrating
2025-05-18T18:07:59+08:00,491,73.1,0.99,0,-0.19,1,Calibrating
2025-05-18T18:22:29+08:00,492,13.53,0.43,0,3.76,1,Calibrating
2025-05-18T18:22:50+08:00,493,10.43,0.37,0,-0.15,1,Calibrating
2025-05-18T18:23:10+08:00,494,8.58,0.34,0,-0.09,1,Calibrating
2025-05-18T18:23:31+08:00,495,7.78,0.32,577,-0.04,1,Calibrating
2025-05-18T18:23:52+08:00,496,7.28,0.31,854,-0.02,1,Calibrating
2025-05-18T18:24:13+08:00,497,6.96,0.31,822,-0.02,1,Calibrating
2025-05-18T18:24:34+08:00,498,6.89,0.3,808,0,1,Calibrating
2025-05-18T18:24:54+08:00,499,6.99,0.31,782,0,1,Calibrating
2025-05-18T18:25:13+08:00,500,9.55,0.36,796,1.57,1,Calibrating
2025-05-18T18:25:33+08:00,501,9.09,0.35,742,-0.02,1,Calibrating
2025-05-18T18:25:54+08:00,502,8.05,0.33,699,-0.05,1,Calibrating
2025-05-18T18:26:15+08:00,503,7.17,0.31,646,-0.04,1,Calibrating
2025-05-18T18:26:35+08:00,504,5.85,0.28,586,-0.06,1,Calibrating
2025-05-18T18:26:56+08:00,505,4.78,0.25,528,-0.05,1,Calibrating
2025-05-18T18:27:17+08:00,506,3.8,0.23,463,-0.05,1,Calibrating
2025-05-18T18:27:37+08:00,507,3.15,0.21,428,-0.03,1,Calibrating
2025-05-18T18:27:58+08:00,508,2.6,0.19,368,-0.03,1,Calibrating
2025-05-18T18:28:19+08:00,509,2.1,0.17,334,-0.02,1,Calibrating
2025-05-18T18:28:39+08:00,510,1.75,0.15,295,-0.02,1,Calibrating
2025-05-18T18:29:00+08:00,511,1.4,0.14,260,-0.02,1,Calibrating
2025-05-18T18:29:21+08:00,512,1.13,0.12,213,-0.01,1,Calibrating
2025-05-18T18:29:41+08:00,513,0.9,0.11,198,-0.01,1,Calibrating
2025-05-18T18:30:02+08:00,514,0.65,0.09,172,-0.01,1,Calibrating
2025-05-18T18:30:23+08:00,515,0.45,0.08,133,-0.01,1,Calibrating
2025-05-18T18:30:44+08:00,516,0.39,0.07,114,0,1,Calibrating
2025-05-18T18:31:04+08:00,517,0.18,0.05,108,-0.01,1,Calibrating
2025-05-18T18:31:25+08:00,518,0.09,0.03,51,0,1,Calibrating
2025-05-18T18:31:46+08:00,519,0.04,0.02,42,0,1,Calibrating
2025-05-18T18:32:06+08:00,520,0.02,0.01,28,0,1,Calibrating
2025-05-18T18:32:27+08:00,521,0,0.01,20,0,1,Calibrating
2025-05-18T18:32:48+08:00,522,0,0,8,0,1,Calibrating
2025-05-18T18:33:09+08:00,523,0,0,16,0,1,Calibrating
2025-05-18T18:33:35+08:00,524,0,0,0,0,1,Calibrating
2025-05-18T18:33:56+08:00,525,0,0,1,0,1,Calibrating
2025-05-18T18:34:16+08:00,526,0,0,0,0,1,Calibrating
2025-05-18T18:34:37+08:00,527,0,0,0,0,1,Calibrating
2025-05-18T18:34:58+08:00,528,0,0,0,0,1,Calibrating
2025-05-18T18:35:22+08:00,529,0,0,26,0,1,Calibrating
2025-05-18T18:35:43+08:00,530,0,0,65,0,1,Calibrating
2025-05-18T18:36:04+08:00,531,0,0,0,0,1,Calibrating
2025-05-18T18:36:25+08:00,532,0,0,0,0,1,Calibrating
2025-05-18T18:36:46+08:00,533,0.01,0.01,266,0,1,Calibrating
2025-05-18T18:37:23+08:00,534,0.01,0.01,111,0,1,Calibrating
2025-05-18T18:37:46+08:00,535,0.01,0.01,120,0,1,Calibrating
2025-05-18T18:38:07+08:00,536,0,0.01,125,0,1,Calibrating
2025-05-18T18:38:28+08:00,537,0,0,122,0,1,Calibrating
2025-05-18T18:38:48+08:00,538,0,0,108,0,1,Calibrating
2025-05-18T18:39:09+08:00,539,0,0,118,0,1,Calibrating
2025-05-18T18:39:30+08:00,540,0,0,118,0,1,Calibrating
2025-05-18T18:39:51+08:00,541,0,0,126,0,1,Calibrating
2025-05-18T18:40:12+08:00,542,0,0,135,0,1,Calibrating
2025-05-18T18:40:33+08:00,543,0,0,110,0,1,Calibrating
2025-05-18T18:40:58+08:00,544,0,0,154,0,1,Calibrating
2025-05-18T18:41:20+08:00,545,0,0.01,125,0,1,Calibrating
2025-05-18T18:41:41+08:00,546,0,0,127,0,1,Calibrating
2025-05-18T18:42:02+08:00,547,0,0,124,0,1,Calibrating
2025-05-18T18:42:22+08:00,548,0,0,124,0,1,Calibrating
2025-05-18T18:42:43+08:00,549,0,0,121,0,1,Calibrating
2025-05-18T18:43:04+08:00,550,0,0,125,0,1,Calibrating
2025-05-18T18:43:25+08:00,551,0,0,128,0,1,Calibrating
2025-05-18T18:43:46+08:00,552,0,0,121,0,1,Calibrating
2025-05-18T18:44:06+08:00,553,0,0,125,0,1,Calibrating
2025-05-18T18:44:27+08:00,554,0,0,122,0,1,Calibrating
2025-05-18T18:44:48+08:00,555,0,0,129,0,1,Calibrating
2025-05-18T18:45:09+08:00,556,0,0,122,0,1,Calibrating
2025-05-18T18:45:30+08:00,557,0,0,147,0,1,Calibrating
2025-05-18T18:45:51+08:00,558,0,0,123,0,1,Calibrating
2025-05-18T18:46:11+08:00,559,0,0,125,0,1,Calibrating
2025-05-18T18:46:32+08:00,560,0,0,124,0,1,Calibrating
2025-05-18T18:46:53+08:00,561,0.01,0.01,188,0,1,Calibrating
2025-05-18T18:47:21+08:00,562,0,0,260,0,1,Calibrating
2025-05-18T18:47:42+08:00,563,0.01,0.01,211,0,1,Calibrating
2025-05-18T18:48:03+08:00,564,0,0,83,0,1,Calibrating
2025-05-18T18:48:24+08:00,565,0,0,68,0,1,Calibrating
2025-05-18T18:48:45+08:00,566,0,0,66,0,1,Calibrating
2025-05-18T18:49:05+08:00,567,0,0,66,0,1,Calibrating
2025-05-19T12:39:09+08:00,568,251.7,1.84,3620,26.15,1,Rain Imminent
2025-05-19T12:39:40+08:00,569,813.45,3.3,4095,18.59,1,Overcast
2025-05-19T12:40:09+08:00,570,305.98,2.02,4095,-17.21,1,Overcast
2025-05-19T12:40:39+08:00,571,302.94,2.01,4095,-0.1,1,Overcast
2025-05-19T12:41:08+08:00,572,264.03,1.88,4095,-1.32,1,Overcast
2025-05-19T12:41:37+08:00,573,299.55,2,4095,1.21,1,Overcast
2025-05-19T12:42:06+08:00,574,305.68,2.02,4095,0.21,1,Overcast
2025-05-19T12:42:36+08:00,575,675.33,3.01,4095,12.71,1,Overcast
2025-05-19T12:43:08+08:00,576,690.84,3.04,4095,0.52,1,Overcast
2025-05-19T12:43:43+08:00,577,662.72,2.98,4095,-0.76,1,Overcast
2025-05-19T12:44:12+08:00,578,640.36,2.93,4095,-0.75,1,Overcast
2025-05-19T12:44:42+08:00,579,619.18,2.88,4095,-0.72,1,Overcast
2025-05-19T12:45:11+08:00,580,595.32,2.82,4095,-0.81,1,Overcast
2025-05-19T12:45:40+08:00,581,539.33,2.69,4095,-1.91,1,Overcast
2025-05-19T12:46:09+08:00,582,559.54,2.74,4095,0.69,1,Overcast
2025-05-19T12:46:38+08:00,583,561.19,2.74,4095,0.06,1,Overcast
2025-05-20T10:56:35+08:00,584,73.81,0.99,682,8.06,1,Overcast
2025-05-20T10:57:04+08:00,585,78.14,1.02,690,0.13,1,Overcast
2025-05-20T10:57:37+08:00,586,73.52,0.99,537,-0.16,1,Overcast
2025-05-20T10:57:58+08:00,587,87.73,1.08,660,0.43,1,Overcast
2025-05-20T10:59:57+08:00,588,99.4,1.15,882,0.08,1,Overcast
2025-05-20T11:00:19+08:00,589,103.26,1.18,891,0.15,1,Overcast
2025-05-20T11:00:41+08:00,590,105.64,1.19,838,0.11,1,Overcast
2025-05-20T11:01:03+08:00,591,104.32,1.18,881,-0.06,1,Overcast
2025-05-20T11:01:26+08:00,592,102.74,1.17,897,-0.07,1,Overcast
2025-05-20T11:01:48+08:00,593,102.82,1.17,891,0,1,Overcast
2025-05-20T11:02:09+08:00,594,102.78,1.17,855,0,1,Overcast
2025-05-20T11:02:30+08:00,595,106.68,1.2,879,0.19,1,Overcast
2025-05-20T11:02:51+08:00,596,105.78,1.19,876,-0.04,1,Overcast
2025-05-20T11:03:12+08:00,597,105.25,1.19,879,-0.02,1,Overcast
2025-05-20T11:03:33+08:00,598,104.78,1.18,870,-0.02,1,Overcast
2025-05-20T11:04:20+08:00,599,107.19,1.2,887,0.08,1,Overcast
2025-05-20T11:04:41+08:00,600,107.59,1.2,893,0.02,1,Overcast
2025-05-20T11:05:03+08:00,601,107.82,1.2,918,0.01,1,Overcast
2025-05-20T11:05:50+08:00,602,107.02,1.2,898,-0.04,1,Overcast
2025-05-20T11:06:37+08:00,603,107.49,1.2,910,-0.05,1,Overcast
2025-05-20T11:11:26+08:00,604,104.95,1.19,821,0.02,1,Overcast
2025-05-20T11:16:01+08:00,605,89.37,1.09,792,0.26,1,Overcast
2025-05-20T11:16:25+08:00,606,80.6,1.04,790,-0.33,1,Overcast
2025-05-20T11:16:46+08:00,607,80.67,1.04,781,0,1,Overcast
2025-05-20T11:17:09+08:00,608,79.22,1.03,792,-0.07,1,Overcast
2025-05-20T11:17:57+08:00,609,81.9,1.05,861,-0.28,1,Overcast
2025-05-20T11:18:18+08:00,610,82.65,1.05,777,0.04,1,Overcast
2025-05-20T11:18:39+08:00,611,84.25,1.06,755,0.08,1,Overcast
2025-05-20T11:19:00+08:00,612,83.47,1.06,756,-0.04,1,Overcast
2025-05-20T11:19:21+08:00,613,81.74,1.05,748,-0.08,1,Overcast
2025-05-20T11:19:42+08:00,614,86.38,1.08,776,0.22,1,Overcast
2025-05-20T11:20:03+08:00,615,86.29,1.07,838,0,1,Overcast
2025-05-20T11:20:24+08:00,616,88.12,1.09,945,0.09,1,Overcast
2025-05-20T11:20:46+08:00,617,87.3,1.08,948,-0.04,1,Overcast
2025-05-20T11:21:07+08:00,618,89,1.09,954,0.08,1,Overcast
2025-05-20T11:21:28+08:00,619,88.32,1.09,840,-0.03,1,Overcast
2025-05-20T11:21:49+08:00,620,88.05,1.09,862,-0.01,1,Overcast
2025-05-20T11:22:11+08:00,621,84.2,1.06,877,-0.18,1,Overcast
2025-05-20T11:22:32+08:00,622,83.39,1.06,848,-0.04,1,Overcast
2025-05-20T11:22:52+08:00,623,82.33,1.05,873,-0.05,1,Overcast
2025-05-20T11:23:14+08:00,624,80.09,1.04,817,-0.11,1,Overcast
2025-05-20T11:23:35+08:00,625,83.13,1.05,834,0.14,1,Overcast
2025-05-20T11:23:56+08:00,626,83.67,1.06,801,0.03,1,Overcast
2025-05-20T11:24:17+08:00,627,81.38,1.04,776,-0.11,1,Overcast
2025-05-20T11:24:38+08:00,628,83.92,1.06,795,0.12,1,Overcast
2025-05-20T11:24:59+08:00,629,84.25,1.06,840,0.02,1,Overcast
2025-05-20T11:25:20+08:00,630,76.2,1.01,821,-0.39,1,Overcast
2025-05-20T11:25:41+08:00,631,79.13,1.03,815,0.14,1,Overcast
2025-05-20T11:26:05+08:00,632,78.82,1.03,789,-0.01,1,Overcast
2025-05-20T11:26:29+08:00,633,85.55,1.07,783,0.28,1,Overcast
2025-05-20T11:26:50+08:00,634,85.33,1.07,776,-0.01,1,Overcast
2025-05-20T11:27:11+08:00,635,85.63,1.07,794,0.01,1,Overcast
2025-05-20T11:27:32+08:00,636,83.82,1.06,788,-0.09,1,Overcast
2025-05-20T11:27:53+08:00,637,86.22,1.07,810,0.11,1,Overcast
2025-05-20T11:28:15+08:00,638,85.83,1.07,811,-0.02,1,Overcast
2025-05-20T11:28:36+08:00,639,89.14,1.09,844,0.16,1,Overcast
2025-05-20T11:28:57+08:00,640,88.2,1.09,836,-0.04,1,Overcast
2025-05-20T11:29:18+08:00,641,84.21,1.06,829,-0.19,1,Overcast
2025-05-20T11:29:39+08:00,642,85.37,1.07,820,0.05,1,Overcast
2025-05-20T11:30:00+08:00,643,85.81,1.07,840,0.02,1,Overcast
2025-05-20T11:30:26+08:00,644,82.73,1.05,829,-0.15,1,Overcast
2025-05-20T11:30:47+08:00,645,81.38,1.04,818,-0.05,1,Overcast
2025-05-20T11:31:08+08:00,646,81.84,1.05,799,0.02,1,Overcast
2025-05-20T11:31:30+08:00,647,81.82,1.05,812,0,1,Overcast
2025-05-20T11:31:51+08:00,648,83.42,1.06,816,0.08,1,Overcast
2025-05-20T11:32:12+08:00,649,83.06,1.05,820,-0.02,1,Overcast
2025-05-20T11:32:33+08:00,650,74.02,1,806,-0.43,1,Overcast
2025-05-20T11:32:54+08:00,651,80.89,1.04,795,0.33,1,Overcast
2025-05-20T11:33:15+08:00,652,80.44,1.04,797,-0.02,1,Overcast
2025-05-20T11:33:36+08:00,653,79.43,1.03,790,-0.05,1,Overcast
2025-05-20T11:33:57+08:00,654,72.85,0.99,808,-0.31,1,Overcast
2025-05-20T11:34:18+08:00,655,78.59,1.03,805,0.27,1,Overcast
2025-05-20T11:34:39+08:00,656,84.6,1.06,815,0.29,1,Overcast
2025-05-20T11:35:01+08:00,657,79.07,1.03,811,-0.26,1,Overcast
2025-05-20T11:35:22+08:00,658,86.82,1.08,812,0.37,1,Overcast
2025-05-20T11:35:42+08:00,659,87.64,1.08,812,0.04,1,Overcast
2025-05-20T11:36:04+08:00,660,90.41,1.1,863,0.13,1,Overcast
2025-05-20T11:36:25+08:00,661,88.54,1.09,844,-0.09,1,Overcast
2025-05-20T11:36:46+08:00,662,90.42,1.1,840,0.09,1,Overcast
2025-05-20T11:37:07+08:00,663,90.38,1.1,853,0,1,Overcast
2025-05-20T11:37:28+08:00,664,85.23,1.07,848,-0.24,1,Overcast
2025-05-20T11:37:49+08:00,665,79.2,1.03,826,-0.29,1,Overcast
2025-05-20T11:38:10+08:00,666,87.01,1.08,830,0.37,1,Overcast
2025-05-20T11:38:31+08:00,667,85.43,1.07,832,-0.07,1,Overcast
2025-05-20T11:38:53+08:00,668,79.92,1.03,798,-0.25,1,Overcast
2025-05-20T11:39:14+08:00,669,80.69,1.04,791,0.04,1,Overcast
2025-05-20T11:39:36+08:00,670,78.92,1.03,842,-0.08,1,Overcast
2025-05-20T11:39:57+08:00,671,79.94,1.03,823,0.05,1,Overcast
2025-05-20T11:40:18+08:00,672,37.68,0.71,792,-2.01,1,Overcast
2025-05-20T11:40:39+08:00,673,78.26,1.02,995,1.9,1,Overcast
2025-05-20T11:41:00+08:00,674,68.75,0.96,1013,-0.45,1,Overcast
2025-05-20T11:41:22+08:00,675,73.41,0.99,992,0.22,1,Overcast
2025-05-20T11:41:46+08:00,676,75.76,1.01,983,0.11,1,Overcast
2025-05-20T11:42:07+08:00,677,70.21,0.97,1028,-0.23,1,Overcast
2025-05-20T11:42:30+08:00,678,74.95,1,1032,0.21,1,Overcast
2025-05-20T11:42:52+08:00,679,74.05,1,1011,-0.04,1,Overcast
2025-05-20T11:43:13+08:00,680,73.13,0.99,1016,-0.04,1,Overcast
2025-05-20T11:43:34+08:00,681,81.22,1.04,1000,0.38,1,Overcast
2025-05-20T11:43:56+08:00,682,75.03,1,1038,-0.29,1,Overcast
2025-05-20T11:44:21+08:00,683,78.65,1.03,1009,0.17,1,Overcast
2025-05-20T11:44:43+08:00,684,78.04,1.02,1002,-0.02,1,Overcast
2025-05-20T11:45:04+08:00,685,78.82,1.03,991,0.04,1,Overcast
2025-05-20T11:45:25+08:00,686,72.5,0.99,993,-0.3,1,Overcast
2025-05-20T11:45:47+08:00,687,78.62,1.03,1004,0.29,1,Overcast
2025-05-20T11:46:10+08:00,688,70.39,0.97,975,-0.36,1,Overcast
2025-05-20T11:46:32+08:00,689,72.45,0.98,987,0.09,1,Overcast
2025-05-20T11:46:53+08:00,690,69.97,0.97,979,-0.12,1,Overcast
2025-05-20T11:47:14+08:00,691,71.14,0.98,1011,0.06,1,Overcast
2025-05-20T11:47:35+08:00,692,80.65,1.04,1038,0.46,1,Overcast
2025-05-20T11:47:56+08:00,693,75.52,1.01,1009,-0.24,1,Overcast
2025-05-20T11:48:17+08:00,694,70.13,0.97,982,-0.26,1,Overcast
2025-05-20T11:48:38+08:00,695,75.61,1.01,1002,0.26,1,Overcast
2025-05-20T11:48:59+08:00,696,74.26,1,993,-0.06,1,Overcast
2025-05-20T11:49:20+08:00,697,91.38,1.11,1002,0.81,1,Overcast
2025-05-20T11:49:41+08:00,698,87.05,1.08,970,-0.21,1,Overcast
2025-05-20T11:50:02+08:00,699,77.92,1.02,961,-0.43,1,Overcast
2025-05-20T11:50:24+08:00,700,76.09,1.01,979,-0.09,1,Overcast
2025-05-20T11:50:45+08:00,701,78.2,1.02,985,0.1,1,Overcast
2025-05-20T11:51:06+08:00,702,77.18,1.02,944,-0.05,1,Overcast
2025-05-20T11:51:27+08:00,703,119.42,1.26,953,2,1,Overcast
2025-05-20T11:51:48+08:00,704,136.07,1.35,967,0.79,1,Overcast
2025-05-20T11:52:09+08:00,705,213.58,1.69,938,3.68,1,Overcast
2025-05-20T11:52:32+08:00,706,155.71,1.44,2259,-2.72,1,Rain Imminent
2025-05-20T11:52:53+08:00,707,152.47,1.43,2574,-0.14,1,Overcast
2025-05-20T11:53:14+08:00,708,156.47,1.45,1080,0.19,1,Overcast
2025-05-20T11:53:35+08:00,709,156.02,1.45,1068,-0.02,1,Overcast
2025-05-20T11:53:56+08:00,710,155.48,1.44,1062,-0.03,1,Overcast
2025-05-20T11:54:18+08:00,711,153.73,1.43,1047,-0.08,1,Overcast
2025-05-20T11:54:39+08:00,712,149.48,1.41,1000,-0.2,1,Overcast
2025-05-20T11:55:00+08:00,713,281.77,1.94,2424,6.27,1,Overcast
2025-05-20T11:55:22+08:00,714,98.45,1.15,1399,-8.69,1,Overcast
2025-05-20T11:55:44+08:00,715,36.83,0.7,1380,-2.7,1,Overcast
2025-05-20T11:56:10+08:00,716,123.97,1.29,2373,21.74,1,Overcast
2025-05-20T11:56:35+08:00,717,54.49,0.85,1143,-2.77,1,Overcast
2025-05-20T11:56:56+08:00,718,92.96,1.12,2080,1.8,1,Overcast
2025-05-20T11:57:18+08:00,719,55.74,0.86,1968,-1.78,1,Overcast
2025-05-20T11:57:41+08:00,720,75.98,1.01,1915,0.86,1,Overcast
2025-05-20T11:58:02+08:00,721,57.11,0.87,1080,-0.88,1,Overcast
2025-05-20T11:58:23+08:00,722,93.68,1.12,1826,1.74,1,Overcast
2025-05-20T11:58:44+08:00,723,72.22,0.98,2059,-1,1,Overcast
2025-05-20T11:59:06+08:00,724,108.33,1.2,2106,1.71,1,Overcast
2025-05-20T11:59:27+08:00,725,99.93,1.16,1919,-0.39,1,Overcast
2025-05-20T11:59:48+08:00,726,219.07,1.71,3497,5.59,1,Rain Imminent
2025-05-20T12:00:10+08:00,727,250.56,1.83,3080,1.49,1,Rain Imminent
2025-05-20T12:00:31+08:00,728,173.54,1.52,1153,-3.65,1,Overcast
2025-05-20T12:00:52+08:00,729,156.11,1.45,1067,-0.82,1,Overcast
2025-05-20T12:01:18+08:00,730,46.81,0.79,882,-5.06,1,Overcast
2025-05-20T12:01:43+08:00,731,60.51,0.9,1243,0.52,1,Overcast
2025-05-20T12:02:04+08:00,732,37.22,0.71,2022,-0.95,1,Overcast
2025-05-20T12:02:25+08:00,733,41.7,0.75,2232,0.21,1,Overcast
2025-05-20T12:02:46+08:00,734,83.12,1.05,2105,1.97,1,Overcast
2025-05-20T12:03:08+08:00,735,64.1,0.93,1646,-0.9,1,Overcast
2025-05-20T12:03:31+08:00,736,296.91,1.99,1018,10.92,1,Overcast
2025-05-20T12:03:52+08:00,737,348.15,2.16,1238,2.19,1,Overcast
2025-05-20T12:04:15+08:00,738,72.84,0.99,1087,-12.98,1,Overcast
2025-05-20T12:05:29+08:00,739,89.54,1.09,1132,-5.4,1,Overcast
2025-05-20T12:05:50+08:00,740,168.33,1.5,2326,3.56,1,Overcast
2025-05-20T12:06:12+08:00,741,136.23,1.35,1744,-1.49,1,Overcast
2025-05-20T12:06:34+08:00,742,168.54,1.5,2007,1.5,1,Overcast
2025-05-25T09:38:44+08:00,743,0,0,0,0,1,Calibrating
2025-05-25T09:39:13+08:00,744,0,0,0,0,1,Calibrating
2025-05-25T09:39:41+08:00,745,0,0,0,0,1,Calibrating
2025-05-25T09:40:11+08:00,746,0,0,0,0,1,Calibrating
2025-05-25T09:40:42+08:00,747,0,0,0,0,1,Calibrating
2025-05-25T09:45:08+08:00,748,0,0,6,0,1,Calibrating
2025-05-25T09:45:36+08:00,749,0,0,0,0,1,Calibrating
2025-05-25T09:46:05+08:00,750,0,0,0,0,1,Calibrating
2025-05-25T09:46:33+08:00,751,0,0,0,0,1,Calibrating
2025-05-25T09:47:01+08:00,752,0,0,0,0,1,Calibrating
2025-05-25T09:47:30+08:00,753,0,0,12,0,1,Calibrating
2025-05-25T09:47:54+08:00,754,0,0,0,0,1,Calibrating
2025-05-25T09:48:18+08:00,755,0,0,0,0,1,Calibrating
2025-05-25T09:48:39+08:00,756,0,0,0,0,1,Calibrating
2025-05-25T09:51:16+08:00,757,736,3.14,0,175.24,1,Sunny
2025-05-25T09:51:37+08:00,758,749.71,3.17,0,0.64,1,Sunny
2025-05-25T09:51:59+08:00,759,752.15,3.17,0,0.12,1,Sunny
2025-05-25T09:52:21+08:00,760,752.61,3.17,0,0.02,1,Sunny
2025-05-25T09:52:42+08:00,761,756.55,3.18,0,0.18,1,Sunny
2025-05-25T09:53:04+08:00,762,757.05,3.18,0,0.02,1,Sunny
2025-05-25T09:53:25+08:00,763,754.29,3.18,0,-0.13,1,Sunny
2025-05-25T09:53:47+08:00,764,758.39,3.19,0,0.19,1,Sunny
2025-05-25T09:54:22+08:00,765,755.71,3.18,4087,-0.26,1,Sunny
2025-05-25T09:55:16+08:00,766,744.53,3.16,4074,-0.24,1,Sunny
2025-05-25T09:55:37+08:00,767,736.27,3.14,4068,-0.38,1,Sunny
2025-05-25T09:55:59+08:00,768,730.91,3.13,4059,-0.25,1,Sunny
2025-05-25T09:56:20+08:00,769,728.88,3.12,4053,-0.1,1,Sunny
2025-05-25T09:56:41+08:00,770,728.92,3.12,4050,0,1,Sunny
2025-05-25T09:57:03+08:00,771,729.37,3.12,4046,0.02,1,Sunny
2025-05-25T09:57:24+08:00,772,730.84,3.13,4047,0.07,1,Sunny
2025-05-25T09:57:45+08:00,773,738.39,3.14,4050,0.35,1,Sunny
2025-05-25T09:58:07+08:00,774,748.03,3.16,4056,0.45,1,Sunny
2025-05-25T09:58:28+08:00,775,758.55,3.19,4068,0.49,1,Sunny
2025-05-25T09:58:49+08:00,776,763.23,3.2,4077,0.22,1,Sunny
2025-05-25T09:59:11+08:00,777,771.92,3.21,4080,0.41,1,Sunny
2025-05-25T09:59:32+08:00,778,781,3.23,4091,0.43,1,Sunny
2025-05-25T09:59:54+08:00,779,784.9,3.24,4095,0.18,1,Sunny
2025-05-25T10:00:15+08:00,780,785.95,3.24,4095,0.05,1,Sunny
2025-05-25T10:00:36+08:00,781,784.39,3.24,4095,-0.07,1,Sunny
2025-05-25T10:00:58+08:00,782,776.68,3.22,4095,-0.36,1,Sunny
2025-05-25T10:01:19+08:00,783,769.21,3.21,4094,-0.35,1,Sunny
2025-05-25T10:01:41+08:00,784,765.12,3.2,4094,-0.19,1,Sunny
2025-05-25T10:02:03+08:00,785,757.43,3.18,4092,-0.36,1,Sunny
2025-05-25T10:02:24+08:00,786,754.68,3.18,4085,-0.13,1,Sunny
2025-05-25T10:02:45+08:00,787,751.66,3.17,4081,-0.14,1,Sunny
2025-05-25T10:03:07+08:00,788,748.57,3.17,4074,-0.15,1,Sunny
2025-05-25T10:03:28+08:00,789,749.4,3.17,4071,0.04,1,Sunny
2025-05-25T10:03:50+08:00,790,728.77,3.12,4025,-0.96,1,Sunny
2025-05-25T10:04:11+08:00,791,708.45,3.08,3969,-0.94,1,Sunny
2025-05-25T10:04:33+08:00,792,749.56,3.17,4048,1.91,1,Sunny
2025-05-25T10:04:54+08:00,793,763.89,3.2,4068,0.67,1,Sunny
2025-05-25T10:05:16+08:00,794,736.53,3.14,3996,-1.27,1,Sunny
2025-05-25T10:05:38+08:00,795,738.42,3.14,4006,0.09,1,Sunny
2025-05-25T10:05:59+08:00,796,739.86,3.15,4013,0.07,1,Sunny
2025-05-25T10:06:21+08:00,797,744.84,3.16,4014,0.23,1,Sunny
2025-05-25T10:06:42+08:00,798,749.48,3.17,4024,0.22,1,Sunny
2025-05-25T10:07:04+08:00,799,754.94,3.18,4044,0.25,1,Sunny
2025-05-25T10:07:25+08:00,800,756.02,3.18,4042,0.05,1,Sunny
2025-05-25T10:07:46+08:00,801,755.59,3.18,4040,-0.02,1,Sunny
2025-05-25T10:08:11+08:00,802,768.48,3.21,4041,0.6,1,Sunny
2025-05-25T10:08:32+08:00,803,813.45,3.3,4095,1.88,1,Sunny
2025-05-25T10:08:54+08:00,804,813.45,3.3,4095,0,1,Sunny
2025-05-25T10:09:18+08:00,805,813.45,3.3,4095,0,1,Sunny
2025-05-25T10:09:45+08:00,806,813.45,3.3,4095,0,1,Sunny
2025-05-25T10:10:09+08:00,807,813.45,3.3,4095,0,1,Sunny
2025-05-25T10:10:34+08:00,808,813.45,3.3,4095,0,1,Sunny
2025-05-25T10:11:00+08:00,809,813.45,3.3,4095,0,1,Sunny
2025-05-25T10:11:25+08:00,810,813.45,3.3,4095,0,1,Sunny
2025-05-25T10:11:48+08:00,811,813.45,3.3,4095,0,1,Sunny
2025-05-25T10:12:17+08:00,812,813.45,3.3,4093,0,1,Sunny
2025-05-25T10:12:41+08:00,813,808.49,3.29,4084,-0.18,1,Sunny
2025-05-25T10:13:05+08:00,814,813.45,3.3,4089,0.19,1,Sunny
2025-05-25T10:13:29+08:00,815,813.45,3.3,4095,0,1,Sunny
2025-05-25T10:13:54+08:00,816,813.45,3.3,4095,0,1,Sunny
2025-05-25T10:14:18+08:00,817,813.45,3.3,4095,0,1,Sunny
2025-05-25T10:14:40+08:00,818,813.45,3.3,4095,0,1,Sunny
2025-05-25T10:15:02+08:00,819,813.45,3.3,4095,0,1,Sunny
2025-05-25T10:15:23+08:00,820,813.45,3.3,4095,0,1,Sunny
2025-05-25T10:15:45+08:00,821,812.17,3.3,4095,-0.06,1,Sunny
2025-05-25T10:16:06+08:00,822,813.45,3.3,4095,0.06,1,Sunny
2025-05-25T10:16:28+08:00,823,794.92,3.26,4095,-0.87,1,Sunny
2025-05-25T10:16:49+08:00,824,794.72,3.26,4095,-0.01,1,Sunny
2025-05-25T10:17:11+08:00,825,813.45,3.3,4095,0.87,1,Sunny
2025-05-25T10:17:32+08:00,826,813.25,3.3,4095,-0.01,1,Sunny
